"greenhousegas","sector","time","Greenlands total emission of greenhousegasses"
"Total emission","Total (net emissions)","1990",653216
"Total emission","Total (net emissions)","1991",638634
"Total emission","Total (net emissions)","1992",623622
"Total emission","Total (net emissions)","1993",572582
"Total emission","Total (net emissions)","1994",523162
"Total emission","Total (net emissions)","1995",562656
"Total emission","Total (net emissions)","1996",626461
"Total emission","Total (net emissions)","1997",648374
"Total emission","Total (net emissions)","1998",628070
"Total emission","Total (net emissions)","1999",625643
"Total emission","Total (net emissions)","2000",698634
"Total emission","Total (net emissions)","2001",650380
"Total emission","Total (net emissions)","2002",612107
"Total emission","Total (net emissions)","2003",684375
"Total emission","Total (net emissions)","2004",675710
"Total emission","Total (net emissions)","2005",680118
"Total emission","Total (net emissions)","2006",698169
"Total emission","Total (net emissions)","2007",689457
"Total emission","Total (net emissions)","2008",715782
"Total emission","Total (net emissions)","2009",628189
"Total emission","Total (net emissions)","2010",714933
"Total emission","Total (net emissions)","2011",762474
"Total emission","Total (net emissions)","2012",615754
"Total emission","Total (net emissions)","2013",598263
"Total emission","Total (net emissions)","2014",557450
"Total emission","Total (net emissions)","2015",560220
"Total emission","Total (net emissions)","2016",562309
"Total emission","Total (net emissions)","2017",579112
"Total emission","Total (net emissions)","2018",579641
"Total emission","Total (net emissions)","2019",592804
"Total emission","Total (net emissions)","2020",576685
"Total emission","Total (net emissions)","2021",606547
"Total emission","1. Emissions from fuel combustion","1990",625203
"Total emission","1. Emissions from fuel combustion","1991",610360
"Total emission","1. Emissions from fuel combustion","1992",596179
"Total emission","1. Emissions from fuel combustion","1993",545953
"Total emission","1. Emissions from fuel combustion","1994",495672
"Total emission","1. Emissions from fuel combustion","1995",534283
"Total emission","1. Emissions from fuel combustion","1996",597088
"Total emission","1. Emissions from fuel combustion","1997",617820
"Total emission","1. Emissions from fuel combustion","1998",596548
"Total emission","1. Emissions from fuel combustion","1999",594322
"Total emission","1. Emissions from fuel combustion","2000",667980
"Total emission","1. Emissions from fuel combustion","2001",618238
"Total emission","1. Emissions from fuel combustion","2002",579806
"Total emission","1. Emissions from fuel combustion","2003",650205
"Total emission","1. Emissions from fuel combustion","2004",640542
"Total emission","1. Emissions from fuel combustion","2005",644654
"Total emission","1. Emissions from fuel combustion","2006",663146
"Total emission","1. Emissions from fuel combustion","2007",653927
"Total emission","1. Emissions from fuel combustion","2008",678708
"Total emission","1. Emissions from fuel combustion","2009",593346
"Total emission","1. Emissions from fuel combustion","2010",679621
"Total emission","1. Emissions from fuel combustion","2011",726386
"Total emission","1. Emissions from fuel combustion","2012",579437
"Total emission","1. Emissions from fuel combustion","2013",562684
"Total emission","1. Emissions from fuel combustion","2014",521957
"Total emission","1. Emissions from fuel combustion","2015",525064
"Total emission","1. Emissions from fuel combustion","2016",526267
"Total emission","1. Emissions from fuel combustion","2017",543465
"Total emission","1. Emissions from fuel combustion","2018",544114
"Total emission","1. Emissions from fuel combustion","2019",554989
"Total emission","1. Emissions from fuel combustion","2020",536706
"Total emission","1. Emissions from fuel combustion","2021",566518
"Total emission","  1.A Energy Industries","1990",182907
"Total emission","  1.A Energy Industries","1991",177649
"Total emission","  1.A Energy Industries","1992",173496
"Total emission","  1.A Energy Industries","1993",157022
"Total emission","  1.A Energy Industries","1994",140493
"Total emission","  1.A Energy Industries","1995",121304
"Total emission","  1.A Energy Industries","1996",122179
"Total emission","  1.A Energy Industries","1997",129145
"Total emission","  1.A Energy Industries","1998",127063
"Total emission","  1.A Energy Industries","1999",129255
"Total emission","  1.A Energy Industries","2000",132786
"Total emission","  1.A Energy Industries","2001",133920
"Total emission","  1.A Energy Industries","2002",134609
"Total emission","  1.A Energy Industries","2003",135186
"Total emission","  1.A Energy Industries","2004",139235
"Total emission","  1.A Energy Industries","2005",137861
"Total emission","  1.A Energy Industries","2006",143147
"Total emission","  1.A Energy Industries","2007",135879
"Total emission","  1.A Energy Industries","2008",144765
"Total emission","  1.A Energy Industries","2009",126802
"Total emission","  1.A Energy Industries","2010",227582
"Total emission","  1.A Energy Industries","2011",253042
"Total emission","  1.A Energy Industries","2012",111965
"Total emission","  1.A Energy Industries","2013",96162
"Total emission","  1.A Energy Industries","2014",97593
"Total emission","  1.A Energy Industries","2015",111962
"Total emission","  1.A Energy Industries","2016",92872
"Total emission","  1.A Energy Industries","2017",95993
"Total emission","  1.A Energy Industries","2018",99871
"Total emission","  1.A Energy Industries","2019",93069
"Total emission","  1.A Energy Industries","2020",98800
"Total emission","  1.A Energy Industries","2021",100579
"Total emission","  1.B Industry and Construction","1990",26558
"Total emission","  1.B Industry and Construction","1991",25774
"Total emission","  1.B Industry and Construction","1992",25144
"Total emission","  1.B Industry and Construction","1993",22714
"Total emission","  1.B Industry and Construction","1994",20284
"Total emission","  1.B Industry and Construction","1995",43973
"Total emission","  1.B Industry and Construction","1996",44645
"Total emission","  1.B Industry and Construction","1997",46298
"Total emission","  1.B Industry and Construction","1998",40147
"Total emission","  1.B Industry and Construction","1999",45954
"Total emission","  1.B Industry and Construction","2000",48285
"Total emission","  1.B Industry and Construction","2001",45815
"Total emission","  1.B Industry and Construction","2002",43313
"Total emission","  1.B Industry and Construction","2003",49922
"Total emission","  1.B Industry and Construction","2004",50905
"Total emission","  1.B Industry and Construction","2005",55236
"Total emission","  1.B Industry and Construction","2006",55831
"Total emission","  1.B Industry and Construction","2007",57611
"Total emission","  1.B Industry and Construction","2008",59550
"Total emission","  1.B Industry and Construction","2009",43315
"Total emission","  1.B Industry and Construction","2010",38854
"Total emission","  1.B Industry and Construction","2011",47423
"Total emission","  1.B Industry and Construction","2012",36657
"Total emission","  1.B Industry and Construction","2013",39437
"Total emission","  1.B Industry and Construction","2014",25291
"Total emission","  1.B Industry and Construction","2015",23516
"Total emission","  1.B Industry and Construction","2016",26546
"Total emission","  1.B Industry and Construction","2017",26045
"Total emission","  1.B Industry and Construction","2018",30370
"Total emission","  1.B Industry and Construction","2019",29234
"Total emission","  1.B Industry and Construction","2020",29427
"Total emission","  1.B Industry and Construction","2021",39776
"Total emission","  1.C Transport","1990",97185
"Total emission","  1.C Transport","1991",96684
"Total emission","  1.C Transport","1992",94658
"Total emission","  1.C Transport","1993",88206
"Total emission","  1.C Transport","1994",81754
"Total emission","  1.C Transport","1995",89859
"Total emission","  1.C Transport","1996",93813
"Total emission","  1.C Transport","1997",97859
"Total emission","  1.C Transport","1998",102348
"Total emission","  1.C Transport","1999",105769
"Total emission","  1.C Transport","2000",107177
"Total emission","  1.C Transport","2001",97286
"Total emission","  1.C Transport","2002",93598
"Total emission","  1.C Transport","2003",102608
"Total emission","  1.C Transport","2004",114950
"Total emission","  1.C Transport","2005",113329
"Total emission","  1.C Transport","2006",122704
"Total emission","  1.C Transport","2007",111842
"Total emission","  1.C Transport","2008",118668
"Total emission","  1.C Transport","2009",107372
"Total emission","  1.C Transport","2010",109883
"Total emission","  1.C Transport","2011",117027
"Total emission","  1.C Transport","2012",112165
"Total emission","  1.C Transport","2013",111531
"Total emission","  1.C Transport","2014",106052
"Total emission","  1.C Transport","2015",105414
"Total emission","  1.C Transport","2016",113305
"Total emission","  1.C Transport","2017",120127
"Total emission","  1.C Transport","2018",114289
"Total emission","  1.C Transport","2019",128448
"Total emission","  1.C Transport","2020",93342
"Total emission","  1.C Transport","2021",104291
"Total emission","  1.D Other Sectors","1990",318554
"Total emission","  1.D Other Sectors","1991",310252
"Total emission","  1.D Other Sectors","1992",302881
"Total emission","  1.D Other Sectors","1993",278011
"Total emission","  1.D Other Sectors","1994",253141
"Total emission","  1.D Other Sectors","1995",279147
"Total emission","  1.D Other Sectors","1996",336452
"Total emission","  1.D Other Sectors","1997",344518
"Total emission","  1.D Other Sectors","1998",326990
"Total emission","  1.D Other Sectors","1999",313344
"Total emission","  1.D Other Sectors","2000",379732
"Total emission","  1.D Other Sectors","2001",341217
"Total emission","  1.D Other Sectors","2002",308286
"Total emission","  1.D Other Sectors","2003",362489
"Total emission","  1.D Other Sectors","2004",335452
"Total emission","  1.D Other Sectors","2005",338228
"Total emission","  1.D Other Sectors","2006",341463
"Total emission","  1.D Other Sectors","2007",348595
"Total emission","  1.D Other Sectors","2008",355725
"Total emission","  1.D Other Sectors","2009",315857
"Total emission","  1.D Other Sectors","2010",303302
"Total emission","  1.D Other Sectors","2011",308894
"Total emission","  1.D Other Sectors","2012",318650
"Total emission","  1.D Other Sectors","2013",315554
"Total emission","  1.D Other Sectors","2014",293022
"Total emission","  1.D Other Sectors","2015",284172
"Total emission","  1.D Other Sectors","2016",293544
"Total emission","  1.D Other Sectors","2017",301299
"Total emission","  1.D Other Sectors","2018",299584
"Total emission","  1.D Other Sectors","2019",304238
"Total emission","  1.D Other Sectors","2020",315137
"Total emission","  1.D Other Sectors","2021",321871
"Total emission","2. Industrial Processes","1990",515
"Total emission","2. Industrial Processes","1991",501
"Total emission","2. Industrial Processes","1992",508
"Total emission","2. Industrial Processes","1993",560
"Total emission","2. Industrial Processes","1994",535
"Total emission","2. Industrial Processes","1995",599
"Total emission","2. Industrial Processes","1996",489
"Total emission","2. Industrial Processes","1997",984
"Total emission","2. Industrial Processes","1998",1482
"Total emission","2. Industrial Processes","1999",2177
"Total emission","2. Industrial Processes","2000",2569
"Total emission","2. Industrial Processes","2001",3717
"Total emission","2. Industrial Processes","2002",4968
"Total emission","2. Industrial Processes","2003",6323
"Total emission","2. Industrial Processes","2004",6921
"Total emission","2. Industrial Processes","2005",7027
"Total emission","2. Industrial Processes","2006",6793
"Total emission","2. Industrial Processes","2007",7199
"Total emission","2. Industrial Processes","2008",7581
"Total emission","2. Industrial Processes","2009",7818
"Total emission","2. Industrial Processes","2010",8187
"Total emission","2. Industrial Processes","2011",8562
"Total emission","2. Industrial Processes","2012",9370
"Total emission","2. Industrial Processes","2013",9729
"Total emission","2. Industrial Processes","2014",10077
"Total emission","2. Industrial Processes","2015",10589
"Total emission","2. Industrial Processes","2016",10695
"Total emission","2. Industrial Processes","2017",10804
"Total emission","2. Industrial Processes","2018",10687
"Total emission","2. Industrial Processes","2019",12126
"Total emission","2. Industrial Processes","2020",13768
"Total emission","2. Industrial Processes","2021",13698
"Total emission","  2.A Solvents","1990",515
"Total emission","  2.A Solvents","1991",501
"Total emission","  2.A Solvents","1992",508
"Total emission","  2.A Solvents","1993",543
"Total emission","  2.A Solvents","1994",508
"Total emission","  2.A Solvents","1995",532
"Total emission","  2.A Solvents","1996",399
"Total emission","  2.A Solvents","1997",559
"Total emission","  2.A Solvents","1998",698
"Total emission","  2.A Solvents","1999",790
"Total emission","  2.A Solvents","2000",562
"Total emission","  2.A Solvents","2001",571
"Total emission","  2.A Solvents","2002",742
"Total emission","  2.A Solvents","2003",1260
"Total emission","  2.A Solvents","2004",1125
"Total emission","  2.A Solvents","2005",1284
"Total emission","  2.A Solvents","2006",948
"Total emission","  2.A Solvents","2007",989
"Total emission","  2.A Solvents","2008",1018
"Total emission","  2.A Solvents","2009",1006
"Total emission","  2.A Solvents","2010",898
"Total emission","  2.A Solvents","2011",879
"Total emission","  2.A Solvents","2012",942
"Total emission","  2.A Solvents","2013",765
"Total emission","  2.A Solvents","2014",807
"Total emission","  2.A Solvents","2015",814
"Total emission","  2.A Solvents","2016",698
"Total emission","  2.A Solvents","2017",720
"Total emission","  2.A Solvents","2018",911
"Total emission","  2.A Solvents","2019",886
"Total emission","  2.A Solvents","2020",746
"Total emission","  2.A Solvents","2021",663
"Total emission","  2.B Industrial Processes","1990",0
"Total emission","  2.B Industrial Processes","1991",0
"Total emission","  2.B Industrial Processes","1992",0
"Total emission","  2.B Industrial Processes","1993",18
"Total emission","  2.B Industrial Processes","1994",27
"Total emission","  2.B Industrial Processes","1995",67
"Total emission","  2.B Industrial Processes","1996",90
"Total emission","  2.B Industrial Processes","1997",425
"Total emission","  2.B Industrial Processes","1998",784
"Total emission","  2.B Industrial Processes","1999",1387
"Total emission","  2.B Industrial Processes","2000",2007
"Total emission","  2.B Industrial Processes","2001",3147
"Total emission","  2.B Industrial Processes","2002",4226
"Total emission","  2.B Industrial Processes","2003",5063
"Total emission","  2.B Industrial Processes","2004",5797
"Total emission","  2.B Industrial Processes","2005",5743
"Total emission","  2.B Industrial Processes","2006",5845
"Total emission","  2.B Industrial Processes","2007",6211
"Total emission","  2.B Industrial Processes","2008",6563
"Total emission","  2.B Industrial Processes","2009",6812
"Total emission","  2.B Industrial Processes","2010",7290
"Total emission","  2.B Industrial Processes","2011",7684
"Total emission","  2.B Industrial Processes","2012",8428
"Total emission","  2.B Industrial Processes","2013",8965
"Total emission","  2.B Industrial Processes","2014",9270
"Total emission","  2.B Industrial Processes","2015",9775
"Total emission","  2.B Industrial Processes","2016",9997
"Total emission","  2.B Industrial Processes","2017",10083
"Total emission","  2.B Industrial Processes","2018",9776
"Total emission","  2.B Industrial Processes","2019",11241
"Total emission","  2.B Industrial Processes","2020",13022
"Total emission","  2.B Industrial Processes","2021",13036
"Total emission","3. Agriculture","1990",9547
"Total emission","3. Agriculture","1991",9628
"Total emission","3. Agriculture","1992",8657
"Total emission","3. Agriculture","1993",7634
"Total emission","3. Agriculture","1994",8324
"Total emission","3. Agriculture","1995",8933
"Total emission","3. Agriculture","1996",9771
"Total emission","3. Agriculture","1997",10217
"Total emission","3. Agriculture","1998",10308
"Total emission","3. Agriculture","1999",9660
"Total emission","3. Agriculture","2000",9175
"Total emission","3. Agriculture","2001",9359
"Total emission","3. Agriculture","2002",8945
"Total emission","3. Agriculture","2003",9075
"Total emission","3. Agriculture","2004",9571
"Total emission","3. Agriculture","2005",9976
"Total emission","3. Agriculture","2006",9759
"Total emission","3. Agriculture","2007",9627
"Total emission","3. Agriculture","2008",10503
"Total emission","3. Agriculture","2009",9492
"Total emission","3. Agriculture","2010",9639
"Total emission","3. Agriculture","2011",9702
"Total emission","3. Agriculture","2012",9526
"Total emission","3. Agriculture","2013",9456
"Total emission","3. Agriculture","2014",9185
"Total emission","3. Agriculture","2015",8585
"Total emission","3. Agriculture","2016",8763
"Total emission","3. Agriculture","2017",8162
"Total emission","3. Agriculture","2018",8074
"Total emission","3. Agriculture","2019",8685
"Total emission","3. Agriculture","2020",8913
"Total emission","3. Agriculture","2021",9126
"Total emission","  3.A Livestocks fermentation","1990",7627
"Total emission","  3.A Livestocks fermentation","1991",7689
"Total emission","  3.A Livestocks fermentation","1992",6907
"Total emission","  3.A Livestocks fermentation","1993",6063
"Total emission","  3.A Livestocks fermentation","1994",6615
"Total emission","  3.A Livestocks fermentation","1995",7112
"Total emission","  3.A Livestocks fermentation","1996",7324
"Total emission","  3.A Livestocks fermentation","1997",8008
"Total emission","  3.A Livestocks fermentation","1998",7627
"Total emission","  3.A Livestocks fermentation","1999",6912
"Total emission","  3.A Livestocks fermentation","2000",6714
"Total emission","  3.A Livestocks fermentation","2001",6827
"Total emission","  3.A Livestocks fermentation","2002",6561
"Total emission","  3.A Livestocks fermentation","2003",6650
"Total emission","  3.A Livestocks fermentation","2004",6989
"Total emission","  3.A Livestocks fermentation","2005",7272
"Total emission","  3.A Livestocks fermentation","2006",7054
"Total emission","  3.A Livestocks fermentation","2007",7212
"Total emission","  3.A Livestocks fermentation","2008",7040
"Total emission","  3.A Livestocks fermentation","2009",6889
"Total emission","  3.A Livestocks fermentation","2010",7067
"Total emission","  3.A Livestocks fermentation","2011",6917
"Total emission","  3.A Livestocks fermentation","2012",6879
"Total emission","  3.A Livestocks fermentation","2013",6845
"Total emission","  3.A Livestocks fermentation","2014",6465
"Total emission","  3.A Livestocks fermentation","2015",6091
"Total emission","  3.A Livestocks fermentation","2016",6300
"Total emission","  3.A Livestocks fermentation","2017",6177
"Total emission","  3.A Livestocks fermentation","2018",6306
"Total emission","  3.A Livestocks fermentation","2019",6177
"Total emission","  3.A Livestocks fermentation","2020",6274
"Total emission","  3.A Livestocks fermentation","2021",6298
"Total emission","  3.B Manure Management","1990",1055
"Total emission","  3.B Manure Management","1991",1065
"Total emission","  3.B Manure Management","1992",951
"Total emission","  3.B Manure Management","1993",852
"Total emission","  3.B Manure Management","1994",932
"Total emission","  3.B Manure Management","1995",1012
"Total emission","  3.B Manure Management","1996",1046
"Total emission","  3.B Manure Management","1997",1178
"Total emission","  3.B Manure Management","1998",1055
"Total emission","  3.B Manure Management","1999",1049
"Total emission","  3.B Manure Management","2000",1020
"Total emission","  3.B Manure Management","2001",1025
"Total emission","  3.B Manure Management","2002",965
"Total emission","  3.B Manure Management","2003",980
"Total emission","  3.B Manure Management","2004",1034
"Total emission","  3.B Manure Management","2005",1079
"Total emission","  3.B Manure Management","2006",1066
"Total emission","  3.B Manure Management","2007",1088
"Total emission","  3.B Manure Management","2008",1059
"Total emission","  3.B Manure Management","2009",1021
"Total emission","  3.B Manure Management","2010",1049
"Total emission","  3.B Manure Management","2011",1025
"Total emission","  3.B Manure Management","2012",1019
"Total emission","  3.B Manure Management","2013",1014
"Total emission","  3.B Manure Management","2014",953
"Total emission","  3.B Manure Management","2015",893
"Total emission","  3.B Manure Management","2016",926
"Total emission","  3.B Manure Management","2017",907
"Total emission","  3.B Manure Management","2018",927
"Total emission","  3.B Manure Management","2019",907
"Total emission","  3.B Manure Management","2020",922
"Total emission","  3.B Manure Management","2021",926
"Total emission","  3.C Agricultural Soils","1990",865
"Total emission","  3.C Agricultural Soils","1991",874
"Total emission","  3.C Agricultural Soils","1992",799
"Total emission","  3.C Agricultural Soils","1993",720
"Total emission","  3.C Agricultural Soils","1994",777
"Total emission","  3.C Agricultural Soils","1995",808
"Total emission","  3.C Agricultural Soils","1996",1402
"Total emission","  3.C Agricultural Soils","1997",1031
"Total emission","  3.C Agricultural Soils","1998",1625
"Total emission","  3.C Agricultural Soils","1999",1699
"Total emission","  3.C Agricultural Soils","2000",1441
"Total emission","  3.C Agricultural Soils","2001",1507
"Total emission","  3.C Agricultural Soils","2002",1418
"Total emission","  3.C Agricultural Soils","2003",1446
"Total emission","  3.C Agricultural Soils","2004",1548
"Total emission","  3.C Agricultural Soils","2005",1626
"Total emission","  3.C Agricultural Soils","2006",1639
"Total emission","  3.C Agricultural Soils","2007",1327
"Total emission","  3.C Agricultural Soils","2008",2405
"Total emission","  3.C Agricultural Soils","2009",1582
"Total emission","  3.C Agricultural Soils","2010",1522
"Total emission","  3.C Agricultural Soils","2011",1760
"Total emission","  3.C Agricultural Soils","2012",1628
"Total emission","  3.C Agricultural Soils","2013",1598
"Total emission","  3.C Agricultural Soils","2014",1767
"Total emission","  3.C Agricultural Soils","2015",1601
"Total emission","  3.C Agricultural Soils","2016",1537
"Total emission","  3.C Agricultural Soils","2017",1078
"Total emission","  3.C Agricultural Soils","2018",841
"Total emission","  3.C Agricultural Soils","2019",1601
"Total emission","  3.C Agricultural Soils","2020",1717
"Total emission","  3.C Agricultural Soils","2021",1902
"Total emission","4. Waste","1990",17688
"Total emission","4. Waste","1991",17816
"Total emission","4. Waste","1992",17920
"Total emission","4. Waste","1993",18048
"Total emission","4. Waste","1994",18217
"Total emission","4. Waste","1995",18399
"Total emission","4. Waste","1996",18641
"Total emission","4. Waste","1997",18854
"Total emission","4. Waste","1998",19206
"Total emission","4. Waste","1999",18930
"Total emission","4. Waste","2000",18329
"Total emission","4. Waste","2001",18402
"Total emission","4. Waste","2002",18250
"Total emission","4. Waste","2003",17997
"Total emission","4. Waste","2004",17780
"Total emission","4. Waste","2005",17765
"Total emission","4. Waste","2006",17794
"Total emission","4. Waste","2007",17803
"Total emission","4. Waste","2008",18057
"Total emission","4. Waste","2009",16714
"Total emission","4. Waste","2010",16456
"Total emission","4. Waste","2011",16580
"Total emission","4. Waste","2012",16229
"Total emission","4. Waste","2013",15186
"Total emission","4. Waste","2014",15008
"Total emission","4. Waste","2015",14850
"Total emission","4. Waste","2016",15382
"Total emission","4. Waste","2017",15418
"Total emission","4. Waste","2018",15578
"Total emission","4. Waste","2019",15726
"Total emission","4. Waste","2020",15960
"Total emission","4. Waste","2021",15830
"Total emission","  4.A Solid waste disposal ","1990",4551
"Total emission","  4.A Solid waste disposal ","1991",4628
"Total emission","  4.A Solid waste disposal ","1992",4704
"Total emission","  4.A Solid waste disposal ","1993",4779
"Total emission","  4.A Solid waste disposal ","1994",4853
"Total emission","  4.A Solid waste disposal ","1995",4928
"Total emission","  4.A Solid waste disposal ","1996",5002
"Total emission","  4.A Solid waste disposal ","1997",5070
"Total emission","  4.A Solid waste disposal ","1998",5134
"Total emission","  4.A Solid waste disposal ","1999",5181
"Total emission","  4.A Solid waste disposal ","2000",5205
"Total emission","  4.A Solid waste disposal ","2001",5189
"Total emission","  4.A Solid waste disposal ","2002",5176
"Total emission","  4.A Solid waste disposal ","2003",5154
"Total emission","  4.A Solid waste disposal ","2004",5120
"Total emission","  4.A Solid waste disposal ","2005",5077
"Total emission","  4.A Solid waste disposal ","2006",5038
"Total emission","  4.A Solid waste disposal ","2007",5001
"Total emission","  4.A Solid waste disposal ","2008",4967
"Total emission","  4.A Solid waste disposal ","2009",4934
"Total emission","  4.A Solid waste disposal ","2010",4905
"Total emission","  4.A Solid waste disposal ","2011",4879
"Total emission","  4.A Solid waste disposal ","2012",4857
"Total emission","  4.A Solid waste disposal ","2013",4836
"Total emission","  4.A Solid waste disposal ","2014",4816
"Total emission","  4.A Solid waste disposal ","2015",4798
"Total emission","  4.A Solid waste disposal ","2016",4782
"Total emission","  4.A Solid waste disposal ","2017",4767
"Total emission","  4.A Solid waste disposal ","2018",4754
"Total emission","  4.A Solid waste disposal ","2019",4744
"Total emission","  4.A Solid waste disposal ","2020",4737
"Total emission","  4.A Solid waste disposal ","2021",4731
"Total emission","  4.B Waste Water","1990",7154
"Total emission","  4.B Waste Water","1991",7152
"Total emission","  4.B Waste Water","1992",7145
"Total emission","  4.B Waste Water","1993",7146
"Total emission","  4.B Waste Water","1994",7154
"Total emission","  4.B Waste Water","1995",7159
"Total emission","  4.B Waste Water","1996",7162
"Total emission","  4.B Waste Water","1997",7165
"Total emission","  4.B Waste Water","1998",7167
"Total emission","  4.B Waste Water","1999",7167
"Total emission","  4.B Waste Water","2000",7169
"Total emission","  4.B Waste Water","2001",7174
"Total emission","  4.B Waste Water","2002",7180
"Total emission","  4.B Waste Water","2003",7184
"Total emission","  4.B Waste Water","2004",7188
"Total emission","  4.B Waste Water","2005",7181
"Total emission","  4.B Waste Water","2006",7231
"Total emission","  4.B Waste Water","2007",7283
"Total emission","  4.B Waste Water","2008",7588
"Total emission","  4.B Waste Water","2009",6254
"Total emission","  4.B Waste Water","2010",5984
"Total emission","  4.B Waste Water","2011",6089
"Total emission","  4.B Waste Water","2012",5668
"Total emission","  4.B Waste Water","2013",4553
"Total emission","  4.B Waste Water","2014",4382
"Total emission","  4.B Waste Water","2015",4246
"Total emission","  4.B Waste Water","2016",4780
"Total emission","  4.B Waste Water","2017",4796
"Total emission","  4.B Waste Water","2018",4926
"Total emission","  4.B Waste Water","2019",5047
"Total emission","  4.B Waste Water","2020",5250
"Total emission","  4.B Waste Water","2021",5084
"Total emission","  4.C Other Waste","1990",5983
"Total emission","  4.C Other Waste","1991",6036
"Total emission","  4.C Other Waste","1992",6070
"Total emission","  4.C Other Waste","1993",6124
"Total emission","  4.C Other Waste","1994",6211
"Total emission","  4.C Other Waste","1995",6312
"Total emission","  4.C Other Waste","1996",6477
"Total emission","  4.C Other Waste","1997",6619
"Total emission","  4.C Other Waste","1998",6905
"Total emission","  4.C Other Waste","1999",6582
"Total emission","  4.C Other Waste","2000",5955
"Total emission","  4.C Other Waste","2001",6038
"Total emission","  4.C Other Waste","2002",5894
"Total emission","  4.C Other Waste","2003",5659
"Total emission","  4.C Other Waste","2004",5472
"Total emission","  4.C Other Waste","2005",5506
"Total emission","  4.C Other Waste","2006",5525
"Total emission","  4.C Other Waste","2007",5519
"Total emission","  4.C Other Waste","2008",5503
"Total emission","  4.C Other Waste","2009",5525
"Total emission","  4.C Other Waste","2010",5568
"Total emission","  4.C Other Waste","2011",5613
"Total emission","  4.C Other Waste","2012",5704
"Total emission","  4.C Other Waste","2013",5797
"Total emission","  4.C Other Waste","2014",5810
"Total emission","  4.C Other Waste","2015",5806
"Total emission","  4.C Other Waste","2016",5820
"Total emission","  4.C Other Waste","2017",5856
"Total emission","  4.C Other Waste","2018",5898
"Total emission","  4.C Other Waste","2019",5935
"Total emission","  4.C Other Waste","2020",5973
"Total emission","  4.C Other Waste","2021",6015
"Total emission","5. Forest and Land Use","1990",262
"Total emission","5. Forest and Land Use","1991",330
"Total emission","5. Forest and Land Use","1992",358
"Total emission","5. Forest and Land Use","1993",386
"Total emission","5. Forest and Land Use","1994",414
"Total emission","5. Forest and Land Use","1995",443
"Total emission","5. Forest and Land Use","1996",471
"Total emission","5. Forest and Land Use","1997",498
"Total emission","5. Forest and Land Use","1998",526
"Total emission","5. Forest and Land Use","1999",554
"Total emission","5. Forest and Land Use","2000",582
"Total emission","5. Forest and Land Use","2001",663
"Total emission","5. Forest and Land Use","2002",138
"Total emission","5. Forest and Land Use","2003",775
"Total emission","5. Forest and Land Use","2004",896
"Total emission","5. Forest and Land Use","2005",695
"Total emission","5. Forest and Land Use","2006",677
"Total emission","5. Forest and Land Use","2007",900
"Total emission","5. Forest and Land Use","2008",932
"Total emission","5. Forest and Land Use","2009",819
"Total emission","5. Forest and Land Use","2010",1030
"Total emission","5. Forest and Land Use","2011",1244
"Total emission","5. Forest and Land Use","2012",1191
"Total emission","5. Forest and Land Use","2013",1208
"Total emission","5. Forest and Land Use","2014",1223
"Total emission","5. Forest and Land Use","2015",1132
"Total emission","5. Forest and Land Use","2016",1201
"Total emission","5. Forest and Land Use","2017",1264
"Total emission","5. Forest and Land Use","2018",1188
"Total emission","5. Forest and Land Use","2019",1277
"Total emission","5. Forest and Land Use","2020",1339
"Total emission","5. Forest and Land Use","2021",1375
"Total emission","  5.A Forest","1990",52
"Total emission","  5.A Forest","1991",38
"Total emission","  5.A Forest","1992",36
"Total emission","  5.A Forest","1993",35
"Total emission","  5.A Forest","1994",33
"Total emission","  5.A Forest","1995",31
"Total emission","  5.A Forest","1996",29
"Total emission","  5.A Forest","1997",27
"Total emission","  5.A Forest","1998",25
"Total emission","  5.A Forest","1999",22
"Total emission","  5.A Forest","2000",21
"Total emission","  5.A Forest","2001",18
"Total emission","  5.A Forest","2002",16
"Total emission","  5.A Forest","2003",13
"Total emission","  5.A Forest","2004",11
"Total emission","  5.A Forest","2005",9
"Total emission","  5.A Forest","2006",6
"Total emission","  5.A Forest","2007",2
"Total emission","  5.A Forest","2008",0
"Total emission","  5.A Forest","2009",20
"Total emission","  5.A Forest","2010",18
"Total emission","  5.A Forest","2011",15
"Total emission","  5.A Forest","2012",13
"Total emission","  5.A Forest","2013",10
"Total emission","  5.A Forest","2014",7
"Total emission","  5.A Forest","2015",4
"Total emission","  5.A Forest","2016",1
"Total emission","  5.A Forest","2017",-2
"Total emission","  5.A Forest","2018",-5
"Total emission","  5.A Forest","2019",-8
"Total emission","  5.A Forest","2020",-11
"Total emission","  5.A Forest","2021",-15
"Total emission","  5.B Land Use","1990",210
"Total emission","  5.B Land Use","1991",292
"Total emission","  5.B Land Use","1992",322
"Total emission","  5.B Land Use","1993",352
"Total emission","  5.B Land Use","1994",382
"Total emission","  5.B Land Use","1995",412
"Total emission","  5.B Land Use","1996",442
"Total emission","  5.B Land Use","1997",471
"Total emission","  5.B Land Use","1998",501
"Total emission","  5.B Land Use","1999",531
"Total emission","  5.B Land Use","2000",561
"Total emission","  5.B Land Use","2001",645
"Total emission","  5.B Land Use","2002",122
"Total emission","  5.B Land Use","2003",762
"Total emission","  5.B Land Use","2004",885
"Total emission","  5.B Land Use","2005",686
"Total emission","  5.B Land Use","2006",672
"Total emission","  5.B Land Use","2007",898
"Total emission","  5.B Land Use","2008",932
"Total emission","  5.B Land Use","2009",798
"Total emission","  5.B Land Use","2010",1012
"Total emission","  5.B Land Use","2011",1228
"Total emission","  5.B Land Use","2012",1179
"Total emission","  5.B Land Use","2013",1198
"Total emission","  5.B Land Use","2014",1216
"Total emission","  5.B Land Use","2015",1127
"Total emission","  5.B Land Use","2016",1200
"Total emission","  5.B Land Use","2017",1265
"Total emission","  5.B Land Use","2018",1192
"Total emission","  5.B Land Use","2019",1285
"Total emission","  5.B Land Use","2020",1350
"Total emission","  5.B Land Use","2021",1390
